url,description
https://media.istockphoto.com/id/1972286424/photo/digital-security-and-privacy-background-cyber-and-crypto-security-shield-on-futuristic-screen.jpg?s=2048x2048&w=is&k=20&c=1Jn-fCh-avCdjpcyVCECGLOC6McBQ1k1OBrkxwFr-1U=,we don’t know
https://picsum.photos/id/237/200/300,we don’t know
https://media.istockphoto.com/id/1276936276/photo/creative-background-online-casino-in-a-mans-hand-a-smartphone-with-playing-cards-roulette-and.jpg?s=2048x2048&w=is&k=20&c=dkyzyf_mvvOr7jeAuqNr3RfQtaiiwywXpAKWG1-MJVQ=,we don’t know
https://picsum.photos/200/300?grayscale,we don’t know
https://picsum.photos/seed/picsum/200/300,we don’t know
https://picsum.photos/200/300?grayscale,we don’t know
https://picsum.photos/200/300/?blur,we don’t know
https://commondatastorage.googleapis.com/codeskulptor-assets/lathrop/asteroid_brown.png,we don’t know
https://picsum.photos/id/870/200/300?grayscale&blur=2,we don’t know
